<?xml version="1.0" encoding="UTF-8" standalone="yes"?>
<addon id="plugin.program.kodiamania" name="Kodimania Wizard" version="1.0.1" provider-name="Jimmy Carrot">
  <requires>
    <import addon="xbmc.python" version="2.1.0"/>
  </requires>
  <extension point="xbmc.python.pluginsource" library="default.py">
    <provides>executable</provides>
  </extension>
  <extension point="xbmc.service" library="startup.py" start="startup" />
  <extension point="xbmc.addon.metadata">
    <summary lang="en">Kodimania Wizard</summary>
    <description lang="en">Kodimania Wizard allows you to get access to the latest Kodimania Custom Builds.</description>
    <platform>all</platform>
  </extension>
</addon>